Tag1,Tag2,Distance
keyboard,touchscreen,0.13319535560174492
mouse,touchpad,0.1244843597468429
